,wrapperType,kind,collectionId,trackId,artistName,collectionName,trackName,collectionCensoredName,trackCensoredName,collectionViewUrl,feedUrl,trackViewUrl,artworkUrl30,artworkUrl60,artworkUrl100,collectionPrice,trackPrice,collectionHdPrice,releaseDate,collectionExplicitness,trackExplicitness,trackCount,trackTimeMillis,country,currency,primaryGenreName,contentAdvisoryRating,artworkUrl600,genreIds,genres,artistId,artistViewUrl,previewUrl,discCount,discNumber,trackNumber,isStreamable
0,track,podcast,1520231261,1520231261,SUNNY music,Emiway Bantai,Emiway Bantai,Emiway Bantai,Emiway Bantai,https://podcasts.apple.com/in/podcast/emiway-bantai/id1520231261?uo=4,https://anchor.fm/s/260fd964/podcast/rss,https://podcasts.apple.com/in/podcast/emiway-bantai/id1520231261?uo=4,https://is2-ssl.mzstatic.com/image/thumb/Podcasts123/v4/b4/a4/f4/b4a4f49a-d15e-5612-c911-71d01ef5ae38/mza_11540139632533473606.jpg/30x30bb.jpg,https://is2-ssl.mzstatic.com/image/thumb/Podcasts123/v4/b4/a4/f4/b4a4f49a-d15e-5612-c911-71d01ef5ae38/mza_11540139632533473606.jpg/60x60bb.jpg,https://is2-ssl.mzstatic.com/image/thumb/Podcasts123/v4/b4/a4/f4/b4a4f49a-d15e-5612-c911-71d01ef5ae38/mza_11540139632533473606.jpg/100x100bb.jpg,0.0,0.0,0.0,2020-06-24T15:44:00Z,notExplicit,cleaned,1,18,IND,INR,Marketing,Clean,https://is2-ssl.mzstatic.com/image/thumb/Podcasts123/v4/b4/a4/f4/b4a4f49a-d15e-5612-c911-71d01ef5ae38/mza_11540139632533473606.jpg/600x600bb.jpg,"['1492', '26', '1321']","['Marketing', 'Podcasts', 'Business']",,,,,,,
1,track,song,1581065717,1581065722,Jass Manak,Bad Munda (feat. Emiway Bantai) - Single,Bad Munda (feat. Emiway Bantai),Bad Munda (feat. Emiway Bantai) - Single,Bad Munda (feat. Emiway Bantai),https://music.apple.com/in/album/bad-munda-feat-emiway-bantai/1581065717?i=1581065722&uo=4,,https://music.apple.com/in/album/bad-munda-feat-emiway-bantai/1581065717?i=1581065722&uo=4,https://is3-ssl.mzstatic.com/image/thumb/Music115/v4/b7/b5/cb/b7b5cb0e-1f41-d51e-32db-f46c70ff619c/cover.jpg/30x30bb.jpg,https://is3-ssl.mzstatic.com/image/thumb/Music115/v4/b7/b5/cb/b7b5cb0e-1f41-d51e-32db-f46c70ff619c/cover.jpg/60x60bb.jpg,https://is3-ssl.mzstatic.com/image/thumb/Music115/v4/b7/b5/cb/b7b5cb0e-1f41-d51e-32db-f46c70ff619c/cover.jpg/100x100bb.jpg,18.0,18.0,,2021-08-13T12:00:00Z,notExplicit,notExplicit,1,177273,IND,INR,Punjabi Pop,,,,,1371569616.0,https://music.apple.com/in/artist/jass-manak/1371569616?uo=4,https://audio-ssl.itunes.apple.com/itunes-assets/AudioPreview122/v4/5f/e9/18/5fe918af-e01a-7cab-1cc5-f9bd0df86693/mzaf_6695293729667101519.plus.aac.p.m4a,1.0,1.0,1.0,True
2,track,song,1677025010,1677025011,Rakesh rafukiya,Fuck Emiway (feat. Emiway Bantai) - Single,Fuck Emiway (feat. Emiway Bantai),Fuck Emiway (feat. Emiway Bantai) - Single,Fuck Emiway (feat. Emiway Bantai) [slowed reverb],https://music.apple.com/in/album/fuck-emiway-feat-emiway-bantai-slowed-reverb/1677025010?i=1677025011&uo=4,,https://music.apple.com/in/album/fuck-emiway-feat-emiway-bantai-slowed-reverb/1677025010?i=1677025011&uo=4,https://is1-ssl.mzstatic.com/image/thumb/Music116/v4/e2/05/32/e20532e4-8d55-e6dc-0b2d-7da839bb3f10/4039967336842_cover.jpg/30x30bb.jpg,https://is1-ssl.mzstatic.com/image/thumb/Music116/v4/e2/05/32/e20532e4-8d55-e6dc-0b2d-7da839bb3f10/4039967336842_cover.jpg/60x60bb.jpg,https://is1-ssl.mzstatic.com/image/thumb/Music116/v4/e2/05/32/e20532e4-8d55-e6dc-0b2d-7da839bb3f10/4039967336842_cover.jpg/100x100bb.jpg,15.0,15.0,,2023-03-14T12:00:00Z,explicit,explicit,1,170581,IND,INR,Hip-Hop/Rap,Explicit,,,,1569065434.0,https://music.apple.com/in/artist/rakesh-rafukiya/1569065434?uo=4,https://audio-ssl.itunes.apple.com/itunes-assets/AudioPreview116/v4/d3/d5/e3/d3d5e3fe-b8e3-78b3-833f-c3b9e9b844f8/mzaf_11240194116834903068.plus.aac.p.m4a,1.0,1.0,1.0,True
3,track,song,1581932201,1581932212,Jass Manak,Bad Munda,Bad Munda (feat. Emiway Bantai),Bad Munda,Bad Munda (feat. Emiway Bantai),https://music.apple.com/in/album/bad-munda-feat-emiway-bantai/1581932201?i=1581932212&uo=4,,https://music.apple.com/in/album/bad-munda-feat-emiway-bantai/1581932201?i=1581932212&uo=4,https://is3-ssl.mzstatic.com/image/thumb/Music125/v4/37/d6/8b/37d68bb2-a1a6-e4b6-3b6d-75ebad35ad14/cover.jpg/30x30bb.jpg,https://is3-ssl.mzstatic.com/image/thumb/Music125/v4/37/d6/8b/37d68bb2-a1a6-e4b6-3b6d-75ebad35ad14/cover.jpg/60x60bb.jpg,https://is3-ssl.mzstatic.com/image/thumb/Music125/v4/37/d6/8b/37d68bb2-a1a6-e4b6-3b6d-75ebad35ad14/cover.jpg/100x100bb.jpg,140.0,18.0,,2021-08-13T12:00:00Z,notExplicit,notExplicit,9,177273,IND,INR,Regional Indian,,,,,1371569616.0,https://music.apple.com/in/artist/jass-manak/1371569616?uo=4,https://audio-ssl.itunes.apple.com/itunes-assets/AudioPreview115/v4/0d/c8/d2/0dc8d273-6016-71f3-86dc-097bc7f15f8c/mzaf_12860450116274781950.plus.aac.p.m4a,1.0,1.0,3.0,True
4,track,song,1594935972,1594935985,MEMAX,MEMAX - EP,Kya Bolte Bro (feat. Emiway Bantai & Loka),MEMAX - EP,Kya Bolte Bro (feat. Emiway Bantai & Loka),https://music.apple.com/in/album/kya-bolte-bro-feat-emiway-bantai-loka/1594935972?i=1594935985&uo=4,,https://music.apple.com/in/album/kya-bolte-bro-feat-emiway-bantai-loka/1594935972?i=1594935985&uo=4,https://is1-ssl.mzstatic.com/image/thumb/Music116/v4/14/2b/bf/142bbf8b-3a7b-025b-0b93-d7b87a386cec/cover.jpg/30x30bb.jpg,https://is1-ssl.mzstatic.com/image/thumb/Music116/v4/14/2b/bf/142bbf8b-3a7b-025b-0b93-d7b87a386cec/cover.jpg/60x60bb.jpg,https://is1-ssl.mzstatic.com/image/thumb/Music116/v4/14/2b/bf/142bbf8b-3a7b-025b-0b93-d7b87a386cec/cover.jpg/100x100bb.jpg,50.0,18.0,,2021-11-19T12:00:00Z,explicit,explicit,5,228846,IND,INR,Hip-Hop/Rap,Explicit,,,,1594935984.0,https://music.apple.com/in/artist/memax/1594935984?uo=4,https://audio-ssl.itunes.apple.com/itunes-assets/AudioPreview116/v4/91/39/9a/91399aef-92fd-ec3d-cd1e-3f2a7c51fb62/mzaf_5995985990861378201.plus.aac.p.m4a,1.0,1.0,1.0,True
5,track,song,1475000684,1475000686,Dax & Emiway Bantai,I Been That (feat. Emiway Bantai) - Single,I Been That (feat. Emiway Bantai),I Been That (feat. Emiway Bantai) - Single,I Been That (feat. Emiway Bantai),https://music.apple.com/in/album/i-been-that-feat-emiway-bantai/1475000684?i=1475000686&uo=4,,https://music.apple.com/in/album/i-been-that-feat-emiway-bantai/1475000684?i=1475000686&uo=4,https://is2-ssl.mzstatic.com/image/thumb/Music113/v4/5a/ed/bf/5aedbfe4-8856-359c-92ab-2e77a4b92dd0/11822.jpg/30x30bb.jpg,https://is2-ssl.mzstatic.com/image/thumb/Music113/v4/5a/ed/bf/5aedbfe4-8856-359c-92ab-2e77a4b92dd0/11822.jpg/60x60bb.jpg,https://is2-ssl.mzstatic.com/image/thumb/Music113/v4/5a/ed/bf/5aedbfe4-8856-359c-92ab-2e77a4b92dd0/11822.jpg/100x100bb.jpg,18.0,18.0,,2019-08-09T12:00:00Z,explicit,explicit,1,201874,IND,INR,Hip-Hop/Rap,Explicit,,,,1368102340.0,https://music.apple.com/in/artist/dax/1368102340?uo=4,https://audio-ssl.itunes.apple.com/itunes-assets/AudioPreview115/v4/8c/5d/fa/8c5dfa7e-ec99-d138-82b9-1667eb2d3d6d/mzaf_3250011312667891591.plus.aac.p.m4a,1.0,1.0,1.0,True
6,track,song,1671249420,1671249422,Abhimanyu Raj Lucifer,Jhalak Dikhlaja x Company (feat. MC STΔN & Emiway Bantai) - Single,Jhalak Dikhlaja x Company (feat. Emiway Bantai & MC STΔN),Jhalak Dikhlaja x Company (feat. MC STΔN & Emiway Bantai) - Single,Jhalak Dikhlaja x Company (feat. Emiway Bantai & MC STΔN) [Mc Stan x Emiway Bantai],https://music.apple.com/in/album/jhalak-dikhlaja-x-company-feat-emiway-bantai-mc-st%CE%B4n/1671249420?i=1671249422&uo=4,,https://music.apple.com/in/album/jhalak-dikhlaja-x-company-feat-emiway-bantai-mc-st%CE%B4n/1671249420?i=1671249422&uo=4,https://is4-ssl.mzstatic.com/image/thumb/Music126/v4/5d/ab/76/5dab7685-d972-3a05-ad09-579f2263037c/4039967292926_cover.jpg/30x30bb.jpg,https://is4-ssl.mzstatic.com/image/thumb/Music126/v4/5d/ab/76/5dab7685-d972-3a05-ad09-579f2263037c/4039967292926_cover.jpg/60x60bb.jpg,https://is4-ssl.mzstatic.com/image/thumb/Music126/v4/5d/ab/76/5dab7685-d972-3a05-ad09-579f2263037c/4039967292926_cover.jpg/100x100bb.jpg,15.0,15.0,,2023-02-09T12:00:00Z,explicit,explicit,1,127826,IND,INR,Hip-Hop/Rap,Explicit,,,,1614277657.0,https://music.apple.com/in/artist/abhimanyu-raj-lucifer/1614277657?uo=4,https://audio-ssl.itunes.apple.com/itunes-assets/AudioPreview126/v4/18/53/60/18536046-72b3-118e-d4d7-19e206f719f9/mzaf_4533860457497139834.plus.aac.p.m4a,1.0,1.0,1.0,True
7,track,song,1680153111,1680153115,Vilan Muzik,Tujh Mein Raab X Vijay Dk X Emiway Bantai (Remix) [feat. Vijay Dk & Emiway Bantai] - Single,Tujh Mein Raab X Vijay Dk X Emiway Bantai (Remix) [feat. Vijay Dk & Emiway Bantai],Tujh Mein Raab X Vijay Dk X Emiway Bantai (Remix) [feat. Vijay Dk & Emiway Bantai] - Single,Tujh Mein Raab X Vijay Dk X Emiway Bantai (Remix) [feat. Vijay Dk & Emiway Bantai],https://music.apple.com/in/album/tujh-mein-raab-x-vijay-dk-x-emiway-bantai-remix-feat/1680153111?i=1680153115&uo=4,,https://music.apple.com/in/album/tujh-mein-raab-x-vijay-dk-x-emiway-bantai-remix-feat/1680153111?i=1680153115&uo=4,https://is2-ssl.mzstatic.com/image/thumb/Music126/v4/b1/42/b9/b142b909-2144-b244-24c3-fe17f33891cf/4039967348081_cover.jpg/30x30bb.jpg,https://is2-ssl.mzstatic.com/image/thumb/Music126/v4/b1/42/b9/b142b909-2144-b244-24c3-fe17f33891cf/4039967348081_cover.jpg/60x60bb.jpg,https://is2-ssl.mzstatic.com/image/thumb/Music126/v4/b1/42/b9/b142b909-2144-b244-24c3-fe17f33891cf/4039967348081_cover.jpg/100x100bb.jpg,15.0,15.0,,2023-03-16T12:00:00Z,explicit,explicit,1,185773,IND,INR,Hip-Hop/Rap,Explicit,,,,1669366133.0,https://music.apple.com/in/artist/vilan-muzik/1669366133?uo=4,https://audio-ssl.itunes.apple.com/itunes-assets/AudioPreview126/v4/46/58/7e/46587e6c-bee4-4db5-fdbc-0b273ed62838/mzaf_14441195502361750483.plus.aac.p.m4a,1.0,1.0,1.0,True
8,track,song,1670226527,1670226528,Rakesh rafukiya,Company (feat. Emiway Bantai) - Single,Company (feat. Emiway Bantai),Company (feat. Emiway Bantai) - Single,Company (feat. Emiway Bantai) [Slowed Reverb],https://music.apple.com/in/album/company-feat-emiway-bantai-slowed-reverb/1670226527?i=1670226528&uo=4,,https://music.apple.com/in/album/company-feat-emiway-bantai-slowed-reverb/1670226527?i=1670226528&uo=4,https://is5-ssl.mzstatic.com/image/thumb/Music116/v4/f8/1d/2e/f81d2e65-a978-7bff-76ce-20916c2ae047/4039967291653_cover.jpg/30x30bb.jpg,https://is5-ssl.mzstatic.com/image/thumb/Music116/v4/f8/1d/2e/f81d2e65-a978-7bff-76ce-20916c2ae047/4039967291653_cover.jpg/60x60bb.jpg,https://is5-ssl.mzstatic.com/image/thumb/Music116/v4/f8/1d/2e/f81d2e65-a978-7bff-76ce-20916c2ae047/4039967291653_cover.jpg/100x100bb.jpg,15.0,15.0,,2023-02-08T12:00:00Z,explicit,explicit,1,287296,IND,INR,Hip-Hop/Rap,Explicit,,,,1569065434.0,https://music.apple.com/in/artist/rakesh-rafukiya/1569065434?uo=4,https://audio-ssl.itunes.apple.com/itunes-assets/AudioPreview126/v4/82/3c/98/823c9858-ba06-cda4-abe7-e8a25b042326/mzaf_8244237117535986181.plus.aac.p.m4a,1.0,1.0,1.0,True
9,track,song,1603942123,1603942133,Jass Manka,Bad Munda (feat. Emiway Bantai) - Single,Bad Munda (feat. Emiway Bantai),Bad Munda (feat. Emiway Bantai) - Single,Bad Munda (feat. Emiway Bantai),https://music.apple.com/in/album/bad-munda-feat-emiway-bantai/1603942123?i=1603942133&uo=4,,https://music.apple.com/in/album/bad-munda-feat-emiway-bantai/1603942123?i=1603942133&uo=4,https://is3-ssl.mzstatic.com/image/thumb/Music126/v4/e8/ce/8d/e8ce8de1-f2f6-e484-b95e-2aea64914c45/196554322368.png/30x30bb.jpg,https://is3-ssl.mzstatic.com/image/thumb/Music126/v4/e8/ce/8d/e8ce8de1-f2f6-e484-b95e-2aea64914c45/196554322368.png/60x60bb.jpg,https://is3-ssl.mzstatic.com/image/thumb/Music126/v4/e8/ce/8d/e8ce8de1-f2f6-e484-b95e-2aea64914c45/196554322368.png/100x100bb.jpg,15.0,15.0,,2021-08-13T12:00:00Z,notExplicit,notExplicit,1,177294,IND,INR,Indian Pop,,,,,1603941832.0,https://music.apple.com/in/artist/jass-manka/1603941832?uo=4,https://audio-ssl.itunes.apple.com/itunes-assets/AudioPreview126/v4/93/4b/26/934b2603-6934-d5ec-fafc-8cdcffc23226/mzaf_3500544586452591624.plus.aac.p.m4a,1.0,1.0,1.0,True
10,track,song,1677025981,1677025982,Rakesh rafukiya,No Love (feat. Emiway Bantai & Loka) - Single,No Love (feat. Emiway Bantai & Loka),No Love (feat. Emiway Bantai & Loka) - Single,No Love (feat. Emiway Bantai & Loka) [slowed reverb],https://music.apple.com/in/album/no-love-feat-emiway-bantai-loka-slowed-reverb/1677025981?i=1677025982&uo=4,,https://music.apple.com/in/album/no-love-feat-emiway-bantai-loka-slowed-reverb/1677025981?i=1677025982&uo=4,https://is3-ssl.mzstatic.com/image/thumb/Music116/v4/47/ab/04/47ab0446-646e-a7cf-de6e-543cb990be83/4039967337351_cover.jpg/30x30bb.jpg,https://is3-ssl.mzstatic.com/image/thumb/Music116/v4/47/ab/04/47ab0446-646e-a7cf-de6e-543cb990be83/4039967337351_cover.jpg/60x60bb.jpg,https://is3-ssl.mzstatic.com/image/thumb/Music116/v4/47/ab/04/47ab0446-646e-a7cf-de6e-543cb990be83/4039967337351_cover.jpg/100x100bb.jpg,15.0,15.0,,2023-03-14T12:00:00Z,notExplicit,notExplicit,1,276373,IND,INR,Hip-Hop/Rap,,,,,1569065434.0,https://music.apple.com/in/artist/rakesh-rafukiya/1569065434?uo=4,https://audio-ssl.itunes.apple.com/itunes-assets/AudioPreview126/v4/21/7e/68/217e6823-0233-6856-7f05-231740982f70/mzaf_9430912906045116942.plus.aac.p.m4a,1.0,1.0,1.0,True
11,track,song,1453418554,1453418756,Mukkta K,24k Gold (feat. Emiway Bantai) - Single,24k Gold (feat. Emiway Bantai),24k Gold (feat. Emiway Bantai) - Single,24k Gold (feat. Emiway Bantai),https://music.apple.com/in/album/24k-gold-feat-emiway-bantai/1453418554?i=1453418756&uo=4,,https://music.apple.com/in/album/24k-gold-feat-emiway-bantai/1453418554?i=1453418756&uo=4,https://is1-ssl.mzstatic.com/image/thumb/Music124/v4/3e/41/c6/3e41c626-924d-6085-2d47-32fa87d64fbe/859730934310_cover.jpg/30x30bb.jpg,https://is1-ssl.mzstatic.com/image/thumb/Music124/v4/3e/41/c6/3e41c626-924d-6085-2d47-32fa87d64fbe/859730934310_cover.jpg/60x60bb.jpg,https://is1-ssl.mzstatic.com/image/thumb/Music124/v4/3e/41/c6/3e41c626-924d-6085-2d47-32fa87d64fbe/859730934310_cover.jpg/100x100bb.jpg,15.0,15.0,,2018-01-29T12:00:00Z,explicit,explicit,1,185806,IND,INR,Hip-Hop/Rap,Explicit,,,,1453418573.0,https://music.apple.com/in/artist/mukkta-k/1453418573?uo=4,https://audio-ssl.itunes.apple.com/itunes-assets/AudioPreview125/v4/c5/91/7d/c5917d58-35a4-805e-67be-6c9319900ff7/mzaf_8080838273490229926.plus.aac.p.m4a,1.0,1.0,1.0,True
12,track,song,1684598369,1684598374,Rakesh rafukiya,Chhod Dala (feat. Emiway Bantai) - Single,Chhod Dala (feat. Emiway Bantai),Chhod Dala (feat. Emiway Bantai) - Single,Chhod Dala (feat. Emiway Bantai) [Lofi version],https://music.apple.com/in/album/chhod-dala-feat-emiway-bantai-lofi-version/1684598369?i=1684598374&uo=4,,https://music.apple.com/in/album/chhod-dala-feat-emiway-bantai-lofi-version/1684598369?i=1684598374&uo=4,https://is5-ssl.mzstatic.com/image/thumb/Music126/v4/85/74/b4/8574b433-3134-0602-7bd9-98fa94447047/4039967373533_cover.jpg/30x30bb.jpg,https://is5-ssl.mzstatic.com/image/thumb/Music126/v4/85/74/b4/8574b433-3134-0602-7bd9-98fa94447047/4039967373533_cover.jpg/60x60bb.jpg,https://is5-ssl.mzstatic.com/image/thumb/Music126/v4/85/74/b4/8574b433-3134-0602-7bd9-98fa94447047/4039967373533_cover.jpg/100x100bb.jpg,15.0,15.0,,2023-04-25T12:00:00Z,explicit,explicit,1,287926,IND,INR,Electronic,Explicit,,,,1569065434.0,https://music.apple.com/in/artist/rakesh-rafukiya/1569065434?uo=4,https://audio-ssl.itunes.apple.com/itunes-assets/AudioPreview126/v4/88/69/c5/8869c535-bcd9-5363-fc28-12a0fb293c43/mzaf_10741350982750819421.plus.aac.p.m4a,1.0,1.0,1.0,True
13,track,song,1677025227,1677025228,Rakesh rafukiya,Momma (feat. Emiway Bantai) - Single,Momma (feat. Emiway Bantai),Momma (feat. Emiway Bantai) - Single,Momma (feat. Emiway Bantai) [slowed reverb],https://music.apple.com/in/album/momma-feat-emiway-bantai-slowed-reverb/1677025227?i=1677025228&uo=4,,https://music.apple.com/in/album/momma-feat-emiway-bantai-slowed-reverb/1677025227?i=1677025228&uo=4,https://is1-ssl.mzstatic.com/image/thumb/Music116/v4/8a/5b/a5/8a5ba5c3-e4d7-1328-c9c0-b55e4474b4db/4039967337931_cover.jpg/30x30bb.jpg,https://is1-ssl.mzstatic.com/image/thumb/Music116/v4/8a/5b/a5/8a5ba5c3-e4d7-1328-c9c0-b55e4474b4db/4039967337931_cover.jpg/60x60bb.jpg,https://is1-ssl.mzstatic.com/image/thumb/Music116/v4/8a/5b/a5/8a5ba5c3-e4d7-1328-c9c0-b55e4474b4db/4039967337931_cover.jpg/100x100bb.jpg,15.0,15.0,,2023-03-15T12:00:00Z,notExplicit,notExplicit,1,217405,IND,INR,Hip-Hop/Rap,,,,,1569065434.0,https://music.apple.com/in/artist/rakesh-rafukiya/1569065434?uo=4,https://audio-ssl.itunes.apple.com/itunes-assets/AudioPreview116/v4/f9/71/b4/f971b456-7049-7d51-f6b3-b3ebe7f98c46/mzaf_13944355302809803208.plus.aac.p.m4a,1.0,1.0,1.0,True
14,track,song,1682118391,1682118392,Rakesh rafukiya,"Dhh X Sairat (feat. MC STΔN, Vijay Dk, Divine, Muhfaad & Emiway Bantai) - Single","Dhh X Sairat (feat. MC Stan, Divine, Emiway Bantai, Vijay Dk & Muhfaad)","Dhh X Sairat (feat. MC STΔN, Vijay Dk, Divine, Muhfaad & Emiway Bantai) - Single","Dhh X Sairat (feat. MC Stan, Divine, Emiway Bantai, Vijay Dk & Muhfaad) [REMIX]",https://music.apple.com/in/album/dhh-x-sairat-feat-mc-stan-divine-emiway-bantai-vijay/1682118391?i=1682118392&uo=4,,https://music.apple.com/in/album/dhh-x-sairat-feat-mc-stan-divine-emiway-bantai-vijay/1682118391?i=1682118392&uo=4,https://is2-ssl.mzstatic.com/image/thumb/Music116/v4/15/e0/b4/15e0b431-1278-fd8e-6e2f-96a3db88e386/4039967357878_cover.jpg/30x30bb.jpg,https://is2-ssl.mzstatic.com/image/thumb/Music116/v4/15/e0/b4/15e0b431-1278-fd8e-6e2f-96a3db88e386/4039967357878_cover.jpg/60x60bb.jpg,https://is2-ssl.mzstatic.com/image/thumb/Music116/v4/15/e0/b4/15e0b431-1278-fd8e-6e2f-96a3db88e386/4039967357878_cover.jpg/100x100bb.jpg,15.0,15.0,,2023-04-07T12:00:00Z,explicit,explicit,1,183325,IND,INR,Hip-Hop/Rap,Explicit,,,,1569065434.0,https://music.apple.com/in/artist/rakesh-rafukiya/1569065434?uo=4,https://audio-ssl.itunes.apple.com/itunes-assets/AudioPreview126/v4/8c/bc/26/8cbc26e7-ac31-9f40-fe7f-12a928e46375/mzaf_16534988445240344457.plus.aac.p.m4a,1.0,1.0,1.0,True
15,track,song,1676528999,1676529000,Rakesh rafukiya,Scene Change (feat. Emiway Bantai) - Single,Scene Change (feat. Emiway Bantai),Scene Change (feat. Emiway Bantai) - Single,Scene Change (feat. Emiway Bantai) [slowed reverb],https://music.apple.com/in/album/scene-change-feat-emiway-bantai-slowed-reverb/1676528999?i=1676529000&uo=4,,https://music.apple.com/in/album/scene-change-feat-emiway-bantai-slowed-reverb/1676528999?i=1676529000&uo=4,https://is2-ssl.mzstatic.com/image/thumb/Music116/v4/c7/a7/49/c7a749d4-8dde-5dff-448d-54ebdc4ea702/4039967333728_cover.jpg/30x30bb.jpg,https://is2-ssl.mzstatic.com/image/thumb/Music116/v4/c7/a7/49/c7a749d4-8dde-5dff-448d-54ebdc4ea702/4039967333728_cover.jpg/60x60bb.jpg,https://is2-ssl.mzstatic.com/image/thumb/Music116/v4/c7/a7/49/c7a749d4-8dde-5dff-448d-54ebdc4ea702/4039967333728_cover.jpg/100x100bb.jpg,15.0,15.0,,2023-03-10T12:00:00Z,explicit,explicit,1,263386,IND,INR,Hip-Hop/Rap,Explicit,,,,1569065434.0,https://music.apple.com/in/artist/rakesh-rafukiya/1569065434?uo=4,https://audio-ssl.itunes.apple.com/itunes-assets/AudioPreview116/v4/24/16/66/241666ad-ae69-b7df-3b74-cdab7b730b10/mzaf_7981030022294645625.plus.aac.p.m4a,1.0,1.0,1.0,True
16,track,song,1584306305,1584307113,Emiway Bantai,Malum Hai Na,Bantai Ki Public,Malum Hai Na,Bantai Ki Public,https://music.apple.com/in/album/bantai-ki-public/1584306305?i=1584307113&uo=4,,https://music.apple.com/in/album/bantai-ki-public/1584306305?i=1584307113&uo=4,https://is2-ssl.mzstatic.com/image/thumb/Music116/v4/ea/6a/38/ea6a384b-a2f2-03f0-d3b3-9eb0d77cc9be/cover.jpg/30x30bb.jpg,https://is2-ssl.mzstatic.com/image/thumb/Music116/v4/ea/6a/38/ea6a384b-a2f2-03f0-d3b3-9eb0d77cc9be/cover.jpg/60x60bb.jpg,https://is2-ssl.mzstatic.com/image/thumb/Music116/v4/ea/6a/38/ea6a384b-a2f2-03f0-d3b3-9eb0d77cc9be/cover.jpg/100x100bb.jpg,190.0,18.0,,2021-05-30T12:00:00Z,explicit,explicit,14,165695,IND,INR,Hip-Hop/Rap,Explicit,,,,1450594347.0,https://music.apple.com/in/artist/emiway-bantai/1450594347?uo=4,https://audio-ssl.itunes.apple.com/itunes-assets/AudioPreview125/v4/7d/69/2c/7d692c79-b463-7ccc-e77c-231203cfe861/mzaf_6374045793211754310.plus.aac.p.m4a,1.0,1.0,12.0,True
17,track,song,1680793065,1680793276,Abhimanyu Raj Lucifer,Ye Kaali Kaali Aankhen - Single,Ye Kaali Kaali Aankhen,Ye Kaali Kaali Aankhen - Single,Ye Kaali Kaali Aankhen (Emiway Bantai x Mc Stan),https://music.apple.com/in/album/ye-kaali-kaali-aankhen-emiway-bantai-x-mc-stan/1680793065?i=1680793276&uo=4,,https://music.apple.com/in/album/ye-kaali-kaali-aankhen-emiway-bantai-x-mc-stan/1680793065?i=1680793276&uo=4,https://is1-ssl.mzstatic.com/image/thumb/Music116/v4/7b/7d/35/7b7d3583-3cf5-0331-5720-db572edaab29/4039967354532_cover.jpg/30x30bb.jpg,https://is1-ssl.mzstatic.com/image/thumb/Music116/v4/7b/7d/35/7b7d3583-3cf5-0331-5720-db572edaab29/4039967354532_cover.jpg/60x60bb.jpg,https://is1-ssl.mzstatic.com/image/thumb/Music116/v4/7b/7d/35/7b7d3583-3cf5-0331-5720-db572edaab29/4039967354532_cover.jpg/100x100bb.jpg,15.0,15.0,,2023-04-02T12:00:00Z,explicit,explicit,1,164134,IND,INR,Dance,Explicit,,,,1614277657.0,https://music.apple.com/in/artist/abhimanyu-raj-lucifer/1614277657?uo=4,https://audio-ssl.itunes.apple.com/itunes-assets/AudioPreview126/v4/ff/32/c4/ff32c4d1-5018-bcb5-e631-4b4edaefa992/mzaf_13326732864193701515.plus.aac.p.m4a,1.0,1.0,1.0,True
18,track,song,1645776288,1645776289,MK Killer,Tribute To Emiway Bantai - Single,Tribute To Emiway Bantai,Tribute To Emiway Bantai - Single,Tribute To Emiway Bantai,https://music.apple.com/in/album/tribute-to-emiway-bantai/1645776288?i=1645776289&uo=4,,https://music.apple.com/in/album/tribute-to-emiway-bantai/1645776288?i=1645776289&uo=4,https://is2-ssl.mzstatic.com/image/thumb/Music122/v4/e0/fd/19/e0fd1902-12d7-bea5-946d-0b96a9334312/artwork.jpg/30x30bb.jpg,https://is2-ssl.mzstatic.com/image/thumb/Music122/v4/e0/fd/19/e0fd1902-12d7-bea5-946d-0b96a9334312/artwork.jpg/60x60bb.jpg,https://is2-ssl.mzstatic.com/image/thumb/Music122/v4/e0/fd/19/e0fd1902-12d7-bea5-946d-0b96a9334312/artwork.jpg/100x100bb.jpg,15.0,15.0,,2022-09-13T12:00:00Z,notExplicit,notExplicit,1,138500,IND,INR,Hip-Hop/Rap,,,,,1608237257.0,https://music.apple.com/in/artist/mk-killer/1608237257?uo=4,https://audio-ssl.itunes.apple.com/itunes-assets/AudioPreview112/v4/9b/6d/0c/9b6d0c95-d10e-9413-f2ef-b8bc824d5cac/mzaf_10578473938974563679.plus.aac.p.m4a,1.0,1.0,1.0,True
19,track,song,1612083982,1612083983,Rapstar SG,Fan Of Emiway Bantai (feat. Taapshi Singer) - Single,Fan Of Emiway Bantai (feat. Taapshi Singer),Fan Of Emiway Bantai (feat. Taapshi Singer) - Single,Fan Of Emiway Bantai (feat. Taapshi Singer),https://music.apple.com/in/album/fan-of-emiway-bantai-feat-taapshi-singer/1612083982?i=1612083983&uo=4,,https://music.apple.com/in/album/fan-of-emiway-bantai-feat-taapshi-singer/1612083982?i=1612083983&uo=4,https://is2-ssl.mzstatic.com/image/thumb/Music116/v4/d1/71/df/d171dff2-5e51-9d14-df75-fceb2ddcb315/8720766031170.png/30x30bb.jpg,https://is2-ssl.mzstatic.com/image/thumb/Music116/v4/d1/71/df/d171dff2-5e51-9d14-df75-fceb2ddcb315/8720766031170.png/60x60bb.jpg,https://is2-ssl.mzstatic.com/image/thumb/Music116/v4/d1/71/df/d171dff2-5e51-9d14-df75-fceb2ddcb315/8720766031170.png/100x100bb.jpg,15.0,15.0,,2022-02-23T12:00:00Z,notExplicit,notExplicit,1,66802,IND,INR,Hip-Hop/Rap,,,,,1612083174.0,https://music.apple.com/in/artist/rapstar-sg/1612083174?uo=4,https://audio-ssl.itunes.apple.com/itunes-assets/AudioPreview116/v4/8a/55/40/8a5540dd-1030-f416-7467-a2e48cfd5b77/mzaf_17680663752255101601.plus.aac.p.m4a,1.0,1.0,1.0,True
20,track,song,1577327111,1577327112,MH Akki,Tribute to Emiway Bantai - Single,Tribute to Emiway Bantai,Tribute to Emiway Bantai - Single,Tribute to Emiway Bantai,https://music.apple.com/in/album/tribute-to-emiway-bantai/1577327111?i=1577327112&uo=4,,https://music.apple.com/in/album/tribute-to-emiway-bantai/1577327111?i=1577327112&uo=4,https://is2-ssl.mzstatic.com/image/thumb/Music115/v4/14/6f/5e/146f5e74-463c-e7f5-6aad-bb3b26228847/artwork.jpg/30x30bb.jpg,https://is2-ssl.mzstatic.com/image/thumb/Music115/v4/14/6f/5e/146f5e74-463c-e7f5-6aad-bb3b26228847/artwork.jpg/60x60bb.jpg,https://is2-ssl.mzstatic.com/image/thumb/Music115/v4/14/6f/5e/146f5e74-463c-e7f5-6aad-bb3b26228847/artwork.jpg/100x100bb.jpg,15.0,15.0,,2021-07-20T12:00:00Z,notExplicit,notExplicit,1,267289,IND,INR,Hip-Hop/Rap,,,,,1577170961.0,https://music.apple.com/in/artist/mh-akki/1577170961?uo=4,https://audio-ssl.itunes.apple.com/itunes-assets/AudioPreview115/v4/79/cb/84/79cb84f1-4d87-f210-dcaf-9615ec538fdc/mzaf_15092384250386556295.plus.aac.p.m4a,1.0,1.0,1.0,True
21,track,song,1628390342,1628390344,Emijass37,Tribute to Emiway Bantai (feat. Drashtu) - Single,Tribute to Emiway Bantai (feat. Drashtu),Tribute to Emiway Bantai (feat. Drashtu) - Single,Tribute to Emiway Bantai (feat. Drashtu),https://music.apple.com/in/album/tribute-to-emiway-bantai-feat-drashtu/1628390342?i=1628390344&uo=4,,https://music.apple.com/in/album/tribute-to-emiway-bantai-feat-drashtu/1628390342?i=1628390344&uo=4,https://is4-ssl.mzstatic.com/image/thumb/Music112/v4/4f/2f/9a/4f2f9a3d-ada7-79d1-04fc-79fd7c8eeea3/196814491445.png/30x30bb.jpg,https://is4-ssl.mzstatic.com/image/thumb/Music112/v4/4f/2f/9a/4f2f9a3d-ada7-79d1-04fc-79fd7c8eeea3/196814491445.png/60x60bb.jpg,https://is4-ssl.mzstatic.com/image/thumb/Music112/v4/4f/2f/9a/4f2f9a3d-ada7-79d1-04fc-79fd7c8eeea3/196814491445.png/100x100bb.jpg,15.0,15.0,,2022-06-27T12:00:00Z,notExplicit,notExplicit,1,160157,IND,INR,Hip-Hop/Rap,,,,,1627618928.0,https://music.apple.com/in/artist/emijass37/1627618928?uo=4,https://audio-ssl.itunes.apple.com/itunes-assets/AudioPreview122/v4/a9/48/c8/a948c87e-bad9-dde8-8b20-80bf8751dce2/mzaf_7790889710729008115.plus.aac.p.m4a,1.0,1.0,1.0,True
22,track,song,1579213049,1579213050,RAIYCHU,Emiway Bantai Diss - Single,Emiway Bantai Diss,Emiway Bantai Diss - Single,Emiway Bantai Diss,https://music.apple.com/in/album/emiway-bantai-diss/1579213049?i=1579213050&uo=4,,https://music.apple.com/in/album/emiway-bantai-diss/1579213049?i=1579213050&uo=4,https://is2-ssl.mzstatic.com/image/thumb/Music115/v4/94/fe/a0/94fea0e3-d4b7-82a0-b7f3-63fe58d3472c/artwork.jpg/30x30bb.jpg,https://is2-ssl.mzstatic.com/image/thumb/Music115/v4/94/fe/a0/94fea0e3-d4b7-82a0-b7f3-63fe58d3472c/artwork.jpg/60x60bb.jpg,https://is2-ssl.mzstatic.com/image/thumb/Music115/v4/94/fe/a0/94fea0e3-d4b7-82a0-b7f3-63fe58d3472c/artwork.jpg/100x100bb.jpg,15.0,15.0,,2021-08-01T12:00:00Z,explicit,explicit,1,148096,IND,INR,Hip-Hop/Rap,Explicit,,,,1578831808.0,https://music.apple.com/in/artist/raiychu/1578831808?uo=4,https://audio-ssl.itunes.apple.com/itunes-assets/AudioPreview115/v4/33/01/7f/33017f6c-1612-5462-0f91-6d3c392aa6a9/mzaf_1032516057189568869.plus.aac.p.m4a,1.0,1.0,1.0,True
23,track,song,1684072393,1684072394,Mr.Swappy,Yaar Badal Na Jaana X Mc stan X Emiway Bantai - Single,Yaar Badal Na Jaana X Mc stan X Emiway Bantai,Yaar Badal Na Jaana X Mc stan X Emiway Bantai - Single,Yaar Badal Na Jaana X Mc stan X Emiway Bantai,https://music.apple.com/in/album/yaar-badal-na-jaana-x-mc-stan-x-emiway-bantai/1684072393?i=1684072394&uo=4,,https://music.apple.com/in/album/yaar-badal-na-jaana-x-mc-stan-x-emiway-bantai/1684072393?i=1684072394&uo=4,https://is1-ssl.mzstatic.com/image/thumb/Music116/v4/39/8c/28/398c2853-8d53-fc69-9703-f6d14b1b8d81/4039967372260_cover.jpg/30x30bb.jpg,https://is1-ssl.mzstatic.com/image/thumb/Music116/v4/39/8c/28/398c2853-8d53-fc69-9703-f6d14b1b8d81/4039967372260_cover.jpg/60x60bb.jpg,https://is1-ssl.mzstatic.com/image/thumb/Music116/v4/39/8c/28/398c2853-8d53-fc69-9703-f6d14b1b8d81/4039967372260_cover.jpg/100x100bb.jpg,15.0,15.0,,2023-04-22T12:00:00Z,notExplicit,notExplicit,1,139200,IND,INR,Alternative,,,,,1678686641.0,https://music.apple.com/in/artist/mr-swappy/1678686641?uo=4,https://audio-ssl.itunes.apple.com/itunes-assets/AudioPreview126/v4/d8/2c/94/d82c947c-8519-9702-1b02-02db99a9650a/mzaf_10153490737499075877.plus.aac.p.m4a,1.0,1.0,1.0,True
24,track,song,1609438852,1609438853,Rohan Karki,Tribute To Emiway Bantai (Inspiration) - Single,Tribute To Emiway Bantai (Inspiration),Tribute To Emiway Bantai (Inspiration) - Single,Tribute To Emiway Bantai (Inspiration),https://music.apple.com/in/album/tribute-to-emiway-bantai-inspiration/1609438852?i=1609438853&uo=4,,https://music.apple.com/in/album/tribute-to-emiway-bantai-inspiration/1609438852?i=1609438853&uo=4,https://is4-ssl.mzstatic.com/image/thumb/Music116/v4/b3/f8/05/b3f80522-4014-e4fa-0f10-ebdd693f844f/8905574141055.jpg/30x30bb.jpg,https://is4-ssl.mzstatic.com/image/thumb/Music116/v4/b3/f8/05/b3f80522-4014-e4fa-0f10-ebdd693f844f/8905574141055.jpg/60x60bb.jpg,https://is4-ssl.mzstatic.com/image/thumb/Music116/v4/b3/f8/05/b3f80522-4014-e4fa-0f10-ebdd693f844f/8905574141055.jpg/100x100bb.jpg,15.0,15.0,,2022-02-10T12:00:00Z,notExplicit,notExplicit,1,90789,IND,INR,Indian,,,,,1564405854.0,https://music.apple.com/in/artist/rohan-karki/1564405854?uo=4,https://audio-ssl.itunes.apple.com/itunes-assets/AudioPreview116/v4/37/ba/d8/37bad813-7235-5915-fd4a-5d0be616561d/mzaf_10533719045497586033.plus.aac.p.m4a,1.0,1.0,1.0,True
25,track,song,1550116161,1550116162,Mirza tanvir,Tribute To Emiway Bantai (Mirza Tanvir) - Single,Tribute To Emiway Bantai (Mirza Tanvir),Tribute To Emiway Bantai (Mirza Tanvir) - Single,Tribute To Emiway Bantai (Mirza Tanvir),https://music.apple.com/in/album/tribute-to-emiway-bantai-mirza-tanvir/1550116161?i=1550116162&uo=4,,https://music.apple.com/in/album/tribute-to-emiway-bantai-mirza-tanvir/1550116161?i=1550116162&uo=4,https://is2-ssl.mzstatic.com/image/thumb/Music114/v4/e7/fc/7e/e7fc7eee-907d-9f7d-7a54-c013771acc42/artwork.jpg/30x30bb.jpg,https://is2-ssl.mzstatic.com/image/thumb/Music114/v4/e7/fc/7e/e7fc7eee-907d-9f7d-7a54-c013771acc42/artwork.jpg/60x60bb.jpg,https://is2-ssl.mzstatic.com/image/thumb/Music114/v4/e7/fc/7e/e7fc7eee-907d-9f7d-7a54-c013771acc42/artwork.jpg/100x100bb.jpg,15.0,15.0,,2021-01-19T12:00:00Z,explicit,explicit,1,121824,IND,INR,Hip-Hop/Rap,Explicit,,,,1542516358.0,https://music.apple.com/in/artist/mirza-tanvir/1542516358?uo=4,https://audio-ssl.itunes.apple.com/itunes-assets/AudioPreview114/v4/d4/61/7a/d4617a7b-708d-2d40-23bd-5866ea9abd49/mzaf_9424174004828603794.plus.aac.p.m4a,1.0,1.0,1.0,True
26,track,song,1685133747,1685133756,Rap M.k Subham,Feel Emiway bantai - Single,Feel Emiway bantai,Feel Emiway bantai - Single,Feel Emiway bantai,https://music.apple.com/in/album/feel-emiway-bantai/1685133747?i=1685133756&uo=4,,https://music.apple.com/in/album/feel-emiway-bantai/1685133747?i=1685133756&uo=4,https://is2-ssl.mzstatic.com/image/thumb/Music116/v4/40/9a/6a/409a6ac0-cf81-ee01-af98-d40f14aba981/57e01d6d-06fe-4faf-9a7b-7b190f5dfb53.jpg/30x30bb.jpg,https://is2-ssl.mzstatic.com/image/thumb/Music116/v4/40/9a/6a/409a6ac0-cf81-ee01-af98-d40f14aba981/57e01d6d-06fe-4faf-9a7b-7b190f5dfb53.jpg/60x60bb.jpg,https://is2-ssl.mzstatic.com/image/thumb/Music116/v4/40/9a/6a/409a6ac0-cf81-ee01-af98-d40f14aba981/57e01d6d-06fe-4faf-9a7b-7b190f5dfb53.jpg/100x100bb.jpg,15.0,15.0,,2023-03-27T12:00:00Z,notExplicit,notExplicit,1,126342,IND,INR,Hip-Hop/Rap,,,,,1685133755.0,https://music.apple.com/in/artist/rap-m-k-subham/1685133755?uo=4,https://audio-ssl.itunes.apple.com/itunes-assets/AudioPreview116/v4/c8/b7/ca/c8b7ca45-246d-d9cc-3af8-7e9383a1b3b2/mzaf_7700664905429368246.plus.aac.p.m4a,1.0,1.0,1.0,True
27,track,song,1488475558,1488475561,Prinze,Hunter Diss To Emiway Bantai - Single,Hunter Diss To Emiway Bantai,Hunter Diss To Emiway Bantai - Single,Hunter Diss To Emiway Bantai,https://music.apple.com/in/album/hunter-diss-to-emiway-bantai/1488475558?i=1488475561&uo=4,,https://music.apple.com/in/album/hunter-diss-to-emiway-bantai/1488475558?i=1488475561&uo=4,https://is1-ssl.mzstatic.com/image/thumb/Music113/v4/4e/84/82/4e848237-87a5-686c-934e-ff372147e034/422a96e1-f8b8-4a0f-bd2d-4a5d07d821ec.jpg/30x30bb.jpg,https://is1-ssl.mzstatic.com/image/thumb/Music113/v4/4e/84/82/4e848237-87a5-686c-934e-ff372147e034/422a96e1-f8b8-4a0f-bd2d-4a5d07d821ec.jpg/60x60bb.jpg,https://is1-ssl.mzstatic.com/image/thumb/Music113/v4/4e/84/82/4e848237-87a5-686c-934e-ff372147e034/422a96e1-f8b8-4a0f-bd2d-4a5d07d821ec.jpg/100x100bb.jpg,15.0,15.0,,2019-12-05T12:00:00Z,notExplicit,notExplicit,1,204940,IND,INR,Hip-Hop/Rap,,,,,1499835538.0,https://music.apple.com/in/artist/prinze/1499835538?uo=4,https://audio-ssl.itunes.apple.com/itunes-assets/AudioPreview115/v4/a9/0c/cf/a90ccf4b-9743-7469-84d8-9d750ae04ecf/mzaf_18204629736349979788.plus.aac.p.m4a,1.0,1.0,1.0,True
28,track,song,1683417917,1683417918,Mr.Swappy,Mc stan - Aap Ka Aana Ft. Emiway Bantai - Single,Mc stan - Aap Ka Aana Ft. Emiway Bantai,Mc stan - Aap Ka Aana Ft. Emiway Bantai - Single,Mc stan - Aap Ka Aana Ft. Emiway Bantai,https://music.apple.com/in/album/mc-stan-aap-ka-aana-ft-emiway-bantai/1683417917?i=1683417918&uo=4,,https://music.apple.com/in/album/mc-stan-aap-ka-aana-ft-emiway-bantai/1683417917?i=1683417918&uo=4,https://is3-ssl.mzstatic.com/image/thumb/Music126/v4/1e/5c/d5/1e5cd51e-0040-032a-7176-babf9527cbee/4039967368997_cover.jpg/30x30bb.jpg,https://is3-ssl.mzstatic.com/image/thumb/Music126/v4/1e/5c/d5/1e5cd51e-0040-032a-7176-babf9527cbee/4039967368997_cover.jpg/60x60bb.jpg,https://is3-ssl.mzstatic.com/image/thumb/Music126/v4/1e/5c/d5/1e5cd51e-0040-032a-7176-babf9527cbee/4039967368997_cover.jpg/100x100bb.jpg,15.0,15.0,,2023-04-18T12:00:00Z,notExplicit,notExplicit,1,120162,IND,INR,Alternative,,,,,1678686641.0,https://music.apple.com/in/artist/mr-swappy/1678686641?uo=4,https://audio-ssl.itunes.apple.com/itunes-assets/AudioPreview116/v4/02/d4/6f/02d46f42-269a-25b4-e72b-278c0f16e95c/mzaf_13501782595191992510.plus.aac.p.m4a,1.0,1.0,1.0,True
29,track,song,1545027867,1545027870,H∆SSAIN ATHAR,Rip Emiway Bantai (feat. DIVINE) - Single,Rip Emiway Bantai (feat. DIVINE),Rip Emiway Bantai (feat. DIVINE) - Single,Rip Emiway Bantai (feat. DIVINE),https://music.apple.com/in/album/rip-emiway-bantai-feat-divine/1545027867?i=1545027870&uo=4,,https://music.apple.com/in/album/rip-emiway-bantai-feat-divine/1545027867?i=1545027870&uo=4,https://is1-ssl.mzstatic.com/image/thumb/Music114/v4/9f/f7/cf/9ff7cf29-95a9-f76e-8172-30c4da9fdd9d/195936023732.png/30x30bb.jpg,https://is1-ssl.mzstatic.com/image/thumb/Music114/v4/9f/f7/cf/9ff7cf29-95a9-f76e-8172-30c4da9fdd9d/195936023732.png/60x60bb.jpg,https://is1-ssl.mzstatic.com/image/thumb/Music114/v4/9f/f7/cf/9ff7cf29-95a9-f76e-8172-30c4da9fdd9d/195936023732.png/100x100bb.jpg,15.0,15.0,,2020-12-05T12:00:00Z,explicit,explicit,1,147044,IND,INR,Hip-Hop/Rap,Explicit,,,,1537668339.0,https://music.apple.com/in/artist/h-ssain-athar/1537668339?uo=4,https://audio-ssl.itunes.apple.com/itunes-assets/AudioPreview124/v4/c6/0a/ad/c60aada3-affd-b17a-ebd5-f84f86265309/mzaf_8862243842830857518.plus.aac.p.m4a,1.0,1.0,1.0,True
30,track,song,1592111989,1592111990,CHATMAX,EMIWAY BANTAI -MALUM HAI NA (feat. CHATU BABA) - Single,EMIWAY BANTAI -MALUM HAI NA (feat. CHATU BABA),EMIWAY BANTAI -MALUM HAI NA (feat. CHATU BABA) - Single,EMIWAY BANTAI -MALUM HAI NA (feat. CHATU BABA),https://music.apple.com/in/album/emiway-bantai-malum-hai-na-feat-chatu-baba/1592111989?i=1592111990&uo=4,,https://music.apple.com/in/album/emiway-bantai-malum-hai-na-feat-chatu-baba/1592111989?i=1592111990&uo=4,https://is5-ssl.mzstatic.com/image/thumb/Music116/v4/64/07/5e/64075e8f-c347-9730-439c-5c1fcdee7d08/artwork.jpg/30x30bb.jpg,https://is5-ssl.mzstatic.com/image/thumb/Music116/v4/64/07/5e/64075e8f-c347-9730-439c-5c1fcdee7d08/artwork.jpg/60x60bb.jpg,https://is5-ssl.mzstatic.com/image/thumb/Music116/v4/64/07/5e/64075e8f-c347-9730-439c-5c1fcdee7d08/artwork.jpg/100x100bb.jpg,15.0,15.0,,2021-10-24T12:00:00Z,notExplicit,notExplicit,1,82666,IND,INR,Hip-Hop/Rap,,,,,1589124422.0,https://music.apple.com/in/artist/chatmax/1589124422?uo=4,https://audio-ssl.itunes.apple.com/itunes-assets/AudioPreview116/v4/27/92/b7/2792b7e3-505d-dc35-8ca7-4dcbd7ac4ead/mzaf_11432900718688480038.plus.aac.p.m4a,1.0,1.0,1.0,True
31,track,song,1676148822,1676148823,Abhimanyu Raj Lucifer,Ek Pardesi Mera Dil - Single,Ek Pardesi Mera Dil,Ek Pardesi Mera Dil - Single,Ek Pardesi Mera Dil (Divine x Shubh x Emiway Bantai x Mc Stan),https://music.apple.com/in/album/ek-pardesi-mera-dil-divine-x-shubh-x-emiway-bantai-x-mc-stan/1676148822?i=1676148823&uo=4,,https://music.apple.com/in/album/ek-pardesi-mera-dil-divine-x-shubh-x-emiway-bantai-x-mc-stan/1676148822?i=1676148823&uo=4,https://is4-ssl.mzstatic.com/image/thumb/Music126/v4/6a/b8/14/6ab81406-f584-5d74-02ea-1797e32734c4/4039967334756_cover.jpg/30x30bb.jpg,https://is4-ssl.mzstatic.com/image/thumb/Music126/v4/6a/b8/14/6ab81406-f584-5d74-02ea-1797e32734c4/4039967334756_cover.jpg/60x60bb.jpg,https://is4-ssl.mzstatic.com/image/thumb/Music126/v4/6a/b8/14/6ab81406-f584-5d74-02ea-1797e32734c4/4039967334756_cover.jpg/100x100bb.jpg,,,,2023-03-11T12:00:00Z,explicit,explicit,1,152958,IND,INR,Hip-Hop/Rap,Explicit,,,,1614277657.0,https://music.apple.com/in/artist/abhimanyu-raj-lucifer/1614277657?uo=4,https://audio-ssl.itunes.apple.com/itunes-assets/AudioPreview126/v4/ac/1e/2e/ac1e2e7c-592f-3b1c-f395-b64b9e19654c/mzaf_5589346860798324759.plus.aac.p.m4a,1.0,1.0,1.0,True
32,track,song,1672438951,1672438952,Abhimanyu Raj Lucifer,Mujhse Shaadi Karogi x Basti Ka Hasti - Single,Mujhse Shaadi Karogi x Basti Ka Hasti,Mujhse Shaadi Karogi x Basti Ka Hasti - Single,Mujhse Shaadi Karogi x Basti Ka Hasti (Mc Stan X Emiway Bantai),https://music.apple.com/in/album/mujhse-shaadi-karogi-x-basti-ka-hasti-mc-stan-x-emiway-bantai/1672438951?i=1672438952&uo=4,,https://music.apple.com/in/album/mujhse-shaadi-karogi-x-basti-ka-hasti-mc-stan-x-emiway-bantai/1672438951?i=1672438952&uo=4,https://is3-ssl.mzstatic.com/image/thumb/Music116/v4/d7/98/8e/d7988ea0-cada-978d-93ca-cda7a5ef973b/4039967296245_cover.jpg/30x30bb.jpg,https://is3-ssl.mzstatic.com/image/thumb/Music116/v4/d7/98/8e/d7988ea0-cada-978d-93ca-cda7a5ef973b/4039967296245_cover.jpg/60x60bb.jpg,https://is3-ssl.mzstatic.com/image/thumb/Music116/v4/d7/98/8e/d7988ea0-cada-978d-93ca-cda7a5ef973b/4039967296245_cover.jpg/100x100bb.jpg,15.0,15.0,,2023-02-13T12:00:00Z,explicit,explicit,1,128679,IND,INR,Dance,Explicit,,,,1614277657.0,https://music.apple.com/in/artist/abhimanyu-raj-lucifer/1614277657?uo=4,https://audio-ssl.itunes.apple.com/itunes-assets/AudioPreview126/v4/8b/2f/d4/8b2fd4f6-e683-2f1e-9c63-856dc99429ad/mzaf_11879670008693929263.plus.aac.p.m4a,1.0,1.0,1.0,True
33,track,song,1683214839,1683214840,Abhimanyu Raj Lucifer,Woh Lamhe Woh Baatein (feat. Atif Aslam) - Single,Woh Lamhe Woh Baatein (with Atif Aslam),Woh Lamhe Woh Baatein (feat. Atif Aslam) - Single,Woh Lamhe Woh Baatein (with Atif Aslam) [Emiway Bantai x Mc Stan],https://music.apple.com/in/album/woh-lamhe-woh-baatein-with-atif-aslam-emiway-bantai-x-mc-stan/1683214839?i=1683214840&uo=4,,https://music.apple.com/in/album/woh-lamhe-woh-baatein-with-atif-aslam-emiway-bantai-x-mc-stan/1683214839?i=1683214840&uo=4,https://is3-ssl.mzstatic.com/image/thumb/Music116/v4/64/58/b7/6458b720-3544-ca24-324f-cded09b27f70/4039967362926_cover.jpg/30x30bb.jpg,https://is3-ssl.mzstatic.com/image/thumb/Music116/v4/64/58/b7/6458b720-3544-ca24-324f-cded09b27f70/4039967362926_cover.jpg/60x60bb.jpg,https://is3-ssl.mzstatic.com/image/thumb/Music116/v4/64/58/b7/6458b720-3544-ca24-324f-cded09b27f70/4039967362926_cover.jpg/100x100bb.jpg,15.0,15.0,,2023-04-12T12:00:00Z,explicit,explicit,1,157772,IND,INR,Dance,Explicit,,,,1614277657.0,https://music.apple.com/in/artist/abhimanyu-raj-lucifer/1614277657?uo=4,https://audio-ssl.itunes.apple.com/itunes-assets/AudioPreview116/v4/48/ff/02/48ff02af-2506-28e8-fbbf-d958c722b3d0/mzaf_8157772154586981992.plus.aac.p.m4a,1.0,1.0,1.0,True
34,track,song,1666776109,1666776436,Emiway Bantai,Company - Single,Company,Company - Single,Company,https://music.apple.com/in/album/company/1666776109?i=1666776436&uo=4,,https://music.apple.com/in/album/company/1666776109?i=1666776436&uo=4,https://is5-ssl.mzstatic.com/image/thumb/Music113/v4/1b/a0/4f/1ba04fa8-01ba-fff3-4ac2-0c4fda33f345/cover.jpg/30x30bb.jpg,https://is5-ssl.mzstatic.com/image/thumb/Music113/v4/1b/a0/4f/1ba04fa8-01ba-fff3-4ac2-0c4fda33f345/cover.jpg/60x60bb.jpg,https://is5-ssl.mzstatic.com/image/thumb/Music113/v4/1b/a0/4f/1ba04fa8-01ba-fff3-4ac2-0c4fda33f345/cover.jpg/100x100bb.jpg,18.0,18.0,,2023-01-22T12:00:00Z,notExplicit,notExplicit,1,222000,IND,INR,Hip-Hop/Rap,,,,,1450594347.0,https://music.apple.com/in/artist/emiway-bantai/1450594347?uo=4,https://audio-ssl.itunes.apple.com/itunes-assets/AudioPreview113/v4/40/1e/1e/401e1e87-cae1-045f-7788-3fd16f23c9e6/mzaf_11541469363528521671.plus.aac.p.m4a,1.0,1.0,1.0,True
35,track,song,1542234791,1542234796,Emiway Bantai,Ring Ring (feat. Meme Machine) - Single,Ring Ring (feat. Meme Machine),Ring Ring (feat. Meme Machine) - Single,Ring Ring (feat. Meme Machine),https://music.apple.com/in/album/ring-ring-feat-meme-machine/1542234791?i=1542234796&uo=4,,https://music.apple.com/in/album/ring-ring-feat-meme-machine/1542234791?i=1542234796&uo=4,https://is2-ssl.mzstatic.com/image/thumb/Music114/v4/a0/60/62/a0606250-6740-17c7-086c-25bb1cfe8d78/cover.jpg/30x30bb.jpg,https://is2-ssl.mzstatic.com/image/thumb/Music114/v4/a0/60/62/a0606250-6740-17c7-086c-25bb1cfe8d78/cover.jpg/60x60bb.jpg,https://is2-ssl.mzstatic.com/image/thumb/Music114/v4/a0/60/62/a0606250-6740-17c7-086c-25bb1cfe8d78/cover.jpg/100x100bb.jpg,18.0,18.0,,2020-11-30T12:00:00Z,notExplicit,notExplicit,1,197647,IND,INR,Hip-Hop/Rap,,,,,1450594347.0,https://music.apple.com/in/artist/emiway-bantai/1450594347?uo=4,https://audio-ssl.itunes.apple.com/itunes-assets/AudioPreview125/v4/d8/15/ba/d815ba93-0853-4d82-50c5-dd4d005f591d/mzaf_16945378588785040362.plus.aac.p.m4a,1.0,1.0,1.0,True
36,track,song,1569951599,1569951603,Emiway Bantai,Bantai Ki Public - Single,Bantai Ki Public,Bantai Ki Public - Single,Bantai Ki Public,https://music.apple.com/in/album/bantai-ki-public/1569951599?i=1569951603&uo=4,,https://music.apple.com/in/album/bantai-ki-public/1569951599?i=1569951603&uo=4,https://is2-ssl.mzstatic.com/image/thumb/Music125/v4/cf/c1/36/cfc13601-e6cb-d36f-5c78-bab905dd6266/cover.jpg/30x30bb.jpg,https://is2-ssl.mzstatic.com/image/thumb/Music125/v4/cf/c1/36/cfc13601-e6cb-d36f-5c78-bab905dd6266/cover.jpg/60x60bb.jpg,https://is2-ssl.mzstatic.com/image/thumb/Music125/v4/cf/c1/36/cfc13601-e6cb-d36f-5c78-bab905dd6266/cover.jpg/100x100bb.jpg,18.0,18.0,,2021-05-30T07:00:00Z,explicit,explicit,1,165695,IND,INR,Indian,Explicit,,,,1450594347.0,https://music.apple.com/in/artist/emiway-bantai/1450594347?uo=4,https://audio-ssl.itunes.apple.com/itunes-assets/AudioPreview115/v4/86/5c/25/865c2558-c8c2-ddb5-97fc-4a192d1ee688/mzaf_9482056405300450988.plus.aac.p.m4a,1.0,1.0,1.0,True
37,track,song,1435082720,1435082723,Emiway Bantai,Kadak Ban - Single,Kadak Ban,Kadak Ban - Single,Kadak Ban,https://music.apple.com/in/album/kadak-ban/1435082720?i=1435082723&uo=4,,https://music.apple.com/in/album/kadak-ban/1435082720?i=1435082723&uo=4,https://is4-ssl.mzstatic.com/image/thumb/Music118/v4/05/0a/c1/050ac131-4adf-21c9-b6fc-487386d0a033/cover.jpg/30x30bb.jpg,https://is4-ssl.mzstatic.com/image/thumb/Music118/v4/05/0a/c1/050ac131-4adf-21c9-b6fc-487386d0a033/cover.jpg/60x60bb.jpg,https://is4-ssl.mzstatic.com/image/thumb/Music118/v4/05/0a/c1/050ac131-4adf-21c9-b6fc-487386d0a033/cover.jpg/100x100bb.jpg,11.0,11.0,,2018-07-27T12:00:00Z,notExplicit,notExplicit,1,134500,IND,INR,Hip-Hop/Rap,,,,,1450594347.0,https://music.apple.com/in/artist/emiway-bantai/1450594347?uo=4,https://audio-ssl.itunes.apple.com/itunes-assets/AudioPreview125/v4/b6/0f/1c/b60f1cf7-3586-bed3-ee43-1135dc8280ce/mzaf_5034911028482522349.plus.aac.p.m4a,1.0,1.0,1.0,True
38,track,song,1529579392,1529579393,Emiway Bantai,Thanks to God - Single,Thanks to God,Thanks to God - Single,Thanks to God,https://music.apple.com/in/album/thanks-to-god/1529579392?i=1529579393&uo=4,,https://music.apple.com/in/album/thanks-to-god/1529579392?i=1529579393&uo=4,https://is4-ssl.mzstatic.com/image/thumb/Music124/v4/4c/c7/6f/4cc76f65-e22d-22b7-89f9-4a6af61e9b08/5059435867639.png/30x30bb.jpg,https://is4-ssl.mzstatic.com/image/thumb/Music124/v4/4c/c7/6f/4cc76f65-e22d-22b7-89f9-4a6af61e9b08/5059435867639.png/60x60bb.jpg,https://is4-ssl.mzstatic.com/image/thumb/Music124/v4/4c/c7/6f/4cc76f65-e22d-22b7-89f9-4a6af61e9b08/5059435867639.png/100x100bb.jpg,15.0,15.0,,2020-08-30T12:00:00Z,notExplicit,notExplicit,1,240390,IND,INR,Worldwide,,,,,1450594347.0,https://music.apple.com/in/artist/emiway-bantai/1450594347?uo=4,https://audio-ssl.itunes.apple.com/itunes-assets/AudioPreview115/v4/4f/3f/68/4f3f68da-ae3a-c3ec-5555-a24bfe48e32d/mzaf_12634610972668311584.plus.aac.p.m4a,1.0,1.0,1.0,True
39,track,song,1638262788,1638262811,Emiway Bantai,Fuck Emiway - Single,Fuck Emiway,Fuck Emiway - Single,Fuck Emiway,https://music.apple.com/in/album/fuck-emiway/1638262788?i=1638262811&uo=4,,https://music.apple.com/in/album/fuck-emiway/1638262788?i=1638262811&uo=4,https://is1-ssl.mzstatic.com/image/thumb/Music112/v4/20/71/dc/2071dc17-780d-07e1-4529-29f7987242d5/cover.jpg/30x30bb.jpg,https://is1-ssl.mzstatic.com/image/thumb/Music112/v4/20/71/dc/2071dc17-780d-07e1-4529-29f7987242d5/cover.jpg/60x60bb.jpg,https://is1-ssl.mzstatic.com/image/thumb/Music112/v4/20/71/dc/2071dc17-780d-07e1-4529-29f7987242d5/cover.jpg/100x100bb.jpg,18.0,18.0,,2022-08-06T12:00:00Z,explicit,explicit,1,171655,IND,INR,Hip-Hop/Rap,Explicit,,,,1450594347.0,https://music.apple.com/in/artist/emiway-bantai/1450594347?uo=4,https://audio-ssl.itunes.apple.com/itunes-assets/AudioPreview122/v4/d7/d9/1f/d7d91f8c-1a1a-fdc1-b2e9-dfce644a89ed/mzaf_11502471352498893165.plus.aac.p.m4a,1.0,1.0,1.0,True
40,track,song,1524261975,1524261982,Emiway Bantai,Kaun Hai Ye - Single,Kaun Hai Ye,Kaun Hai Ye - Single,Kaun Hai Ye,https://music.apple.com/in/album/kaun-hai-ye/1524261975?i=1524261982&uo=4,,https://music.apple.com/in/album/kaun-hai-ye/1524261975?i=1524261982&uo=4,https://is4-ssl.mzstatic.com/image/thumb/Music124/v4/3c/a7/4a/3ca74a34-e0e5-d191-06f5-9813bb6b33a9/889845955399.jpg/30x30bb.jpg,https://is4-ssl.mzstatic.com/image/thumb/Music124/v4/3c/a7/4a/3ca74a34-e0e5-d191-06f5-9813bb6b33a9/889845955399.jpg/60x60bb.jpg,https://is4-ssl.mzstatic.com/image/thumb/Music124/v4/3c/a7/4a/3ca74a34-e0e5-d191-06f5-9813bb6b33a9/889845955399.jpg/100x100bb.jpg,18.0,18.0,,2020-07-19T12:00:00Z,explicit,explicit,1,262000,IND,INR,Hip-Hop,Explicit,,,,1450594347.0,https://music.apple.com/in/artist/emiway-bantai/1450594347?uo=4,https://audio-ssl.itunes.apple.com/itunes-assets/AudioPreview115/v4/07/81/71/0781715f-8ad7-f067-8da5-82389d311dc9/mzaf_3878474256998056283.plus.aac.p.m4a,1.0,1.0,1.0,True
41,track,song,1539328200,1539328204,Emiway Bantai,Khatam Hue Waande - Single,Khatam Hue Waande,Khatam Hue Waande - Single,Khatam Hue Waande,https://music.apple.com/in/album/khatam-hue-waande/1539328200?i=1539328204&uo=4,,https://music.apple.com/in/album/khatam-hue-waande/1539328200?i=1539328204&uo=4,https://is1-ssl.mzstatic.com/image/thumb/Music124/v4/02/4b/91/024b91c9-45d8-4698-ef12-1c69d8db3896/cover.jpg/30x30bb.jpg,https://is1-ssl.mzstatic.com/image/thumb/Music124/v4/02/4b/91/024b91c9-45d8-4698-ef12-1c69d8db3896/cover.jpg/60x60bb.jpg,https://is1-ssl.mzstatic.com/image/thumb/Music124/v4/02/4b/91/024b91c9-45d8-4698-ef12-1c69d8db3896/cover.jpg/100x100bb.jpg,18.0,18.0,,2020-11-14T12:00:00Z,notExplicit,notExplicit,1,193882,IND,INR,Indian,,,,,1450594347.0,https://music.apple.com/in/artist/emiway-bantai/1450594347?uo=4,https://audio-ssl.itunes.apple.com/itunes-assets/AudioPreview115/v4/81/29/44/8129442d-9aef-2c2e-a6b5-f6203c769b65/mzaf_15989647710132430606.plus.aac.p.m4a,1.0,1.0,1.0,True
42,track,song,1565639419,1565639423,Emiway Bantai,Machayenge 3 - Single,Machayenge 3,Machayenge 3 - Single,Machayenge 3,https://music.apple.com/in/album/machayenge-3/1565639419?i=1565639423&uo=4,,https://music.apple.com/in/album/machayenge-3/1565639419?i=1565639423&uo=4,https://is4-ssl.mzstatic.com/image/thumb/Music125/v4/8b/37/d3/8b37d3f9-6822-26de-7c68-e1c98aae8ad9/cover.jpg/30x30bb.jpg,https://is4-ssl.mzstatic.com/image/thumb/Music125/v4/8b/37/d3/8b37d3f9-6822-26de-7c68-e1c98aae8ad9/cover.jpg/60x60bb.jpg,https://is4-ssl.mzstatic.com/image/thumb/Music125/v4/8b/37/d3/8b37d3f9-6822-26de-7c68-e1c98aae8ad9/cover.jpg/100x100bb.jpg,18.0,18.0,,2021-05-14T12:00:00Z,notExplicit,notExplicit,1,229154,IND,INR,Hip-Hop/Rap,,,,,1450594347.0,https://music.apple.com/in/artist/emiway-bantai/1450594347?uo=4,https://audio-ssl.itunes.apple.com/itunes-assets/AudioPreview115/v4/1f/7a/4e/1f7a4ece-c4f8-79dc-db44-0b3c7b9351d7/mzaf_6881726773682372519.plus.aac.p.m4a,1.0,1.0,1.0,True
43,track,song,1584306305,1584306882,Emiway Bantai,Malum Hai Na,Machayenge 3,Malum Hai Na,Machayenge 3,https://music.apple.com/in/album/machayenge-3/1584306305?i=1584306882&uo=4,,https://music.apple.com/in/album/machayenge-3/1584306305?i=1584306882&uo=4,https://is2-ssl.mzstatic.com/image/thumb/Music116/v4/ea/6a/38/ea6a384b-a2f2-03f0-d3b3-9eb0d77cc9be/cover.jpg/30x30bb.jpg,https://is2-ssl.mzstatic.com/image/thumb/Music116/v4/ea/6a/38/ea6a384b-a2f2-03f0-d3b3-9eb0d77cc9be/cover.jpg/60x60bb.jpg,https://is2-ssl.mzstatic.com/image/thumb/Music116/v4/ea/6a/38/ea6a384b-a2f2-03f0-d3b3-9eb0d77cc9be/cover.jpg/100x100bb.jpg,190.0,18.0,,2021-05-14T12:00:00Z,explicit,notExplicit,14,229154,IND,INR,Hip-Hop/Rap,,,,,1450594347.0,https://music.apple.com/in/artist/emiway-bantai/1450594347?uo=4,https://audio-ssl.itunes.apple.com/itunes-assets/AudioPreview115/v4/87/a5/86/87a58625-f9c7-5c53-def2-5e33759ee291/mzaf_7514260765133850986.plus.aac.p.m4a,1.0,1.0,6.0,True
44,track,song,1562277940,1562277946,Emiway Bantai & Chris Gayle UniverseBoss,Jamaica to India - Single,Jamaica to India,Jamaica to India - Single,Jamaica to India,https://music.apple.com/in/album/jamaica-to-india/1562277940?i=1562277946&uo=4,,https://music.apple.com/in/album/jamaica-to-india/1562277940?i=1562277946&uo=4,https://is4-ssl.mzstatic.com/image/thumb/Music114/v4/c2/a4/48/c2a448f2-e8f2-2800-b324-16f97e7e7aef/cover.jpg/30x30bb.jpg,https://is4-ssl.mzstatic.com/image/thumb/Music114/v4/c2/a4/48/c2a448f2-e8f2-2800-b324-16f97e7e7aef/cover.jpg/60x60bb.jpg,https://is4-ssl.mzstatic.com/image/thumb/Music114/v4/c2/a4/48/c2a448f2-e8f2-2800-b324-16f97e7e7aef/cover.jpg/100x100bb.jpg,18.0,18.0,,2021-04-12T12:00:00Z,notExplicit,notExplicit,1,226798,IND,INR,Hip-Hop/Rap,,,,,1450594347.0,https://music.apple.com/in/artist/emiway-bantai/1450594347?uo=4,https://audio-ssl.itunes.apple.com/itunes-assets/AudioPreview124/v4/58/1f/67/581f6796-a08b-c126-c5c2-3ad1f6ccd197/mzaf_6562569370577933381.plus.aac.p.m4a,1.0,1.0,1.0,True
45,track,song,1675454657,1675454664,Emiway Bantai,Scene Change - Single,Scene Change,Scene Change - Single,Scene Change,https://music.apple.com/in/album/scene-change/1675454657?i=1675454664&uo=4,,https://music.apple.com/in/album/scene-change/1675454657?i=1675454664&uo=4,https://is3-ssl.mzstatic.com/image/thumb/Music126/v4/8b/2d/c5/8b2dc530-c823-2351-25c8-07f8a0e12587/cover.jpg/30x30bb.jpg,https://is3-ssl.mzstatic.com/image/thumb/Music126/v4/8b/2d/c5/8b2dc530-c823-2351-25c8-07f8a0e12587/cover.jpg/60x60bb.jpg,https://is3-ssl.mzstatic.com/image/thumb/Music126/v4/8b/2d/c5/8b2dc530-c823-2351-25c8-07f8a0e12587/cover.jpg/100x100bb.jpg,18.0,18.0,,2023-03-04T08:00:00Z,explicit,explicit,1,210508,IND,INR,Alternative Rap,Explicit,,,,1450594347.0,https://music.apple.com/in/artist/emiway-bantai/1450594347?uo=4,https://audio-ssl.itunes.apple.com/itunes-assets/AudioPreview126/v4/05/0a/32/050a3237-3d92-1dc5-e7d1-b90aa1138f51/mzaf_15138012769357229157.plus.aac.p.m4a,1.0,1.0,1.0,True
46,track,song,1584306305,1584307103,Emiway Bantai,Malum Hai Na,Jawab De,Malum Hai Na,Jawab De,https://music.apple.com/in/album/jawab-de/1584306305?i=1584307103&uo=4,,https://music.apple.com/in/album/jawab-de/1584306305?i=1584307103&uo=4,https://is2-ssl.mzstatic.com/image/thumb/Music116/v4/ea/6a/38/ea6a384b-a2f2-03f0-d3b3-9eb0d77cc9be/cover.jpg/30x30bb.jpg,https://is2-ssl.mzstatic.com/image/thumb/Music116/v4/ea/6a/38/ea6a384b-a2f2-03f0-d3b3-9eb0d77cc9be/cover.jpg/60x60bb.jpg,https://is2-ssl.mzstatic.com/image/thumb/Music116/v4/ea/6a/38/ea6a384b-a2f2-03f0-d3b3-9eb0d77cc9be/cover.jpg/100x100bb.jpg,190.0,18.0,,2021-07-16T12:00:00Z,explicit,explicit,14,183429,IND,INR,Hip-Hop/Rap,Explicit,,,,1450594347.0,https://music.apple.com/in/artist/emiway-bantai/1450594347?uo=4,https://audio-ssl.itunes.apple.com/itunes-assets/AudioPreview125/v4/14/2a/be/142abef7-2829-4b73-f025-a281d163d924/mzaf_13765360859386976793.plus.aac.p.m4a,1.0,1.0,11.0,True
47,track,song,1584306305,1584306897,Emiway Bantai,Malum Hai Na,Hai Tu Kaun,Malum Hai Na,Hai Tu Kaun,https://music.apple.com/in/album/hai-tu-kaun/1584306305?i=1584306897&uo=4,,https://music.apple.com/in/album/hai-tu-kaun/1584306305?i=1584306897&uo=4,https://is2-ssl.mzstatic.com/image/thumb/Music116/v4/ea/6a/38/ea6a384b-a2f2-03f0-d3b3-9eb0d77cc9be/cover.jpg/30x30bb.jpg,https://is2-ssl.mzstatic.com/image/thumb/Music116/v4/ea/6a/38/ea6a384b-a2f2-03f0-d3b3-9eb0d77cc9be/cover.jpg/60x60bb.jpg,https://is2-ssl.mzstatic.com/image/thumb/Music116/v4/ea/6a/38/ea6a384b-a2f2-03f0-d3b3-9eb0d77cc9be/cover.jpg/100x100bb.jpg,190.0,18.0,,2021-09-27T12:00:00Z,explicit,explicit,14,149121,IND,INR,Hip-Hop/Rap,Explicit,,,,1450594347.0,https://music.apple.com/in/artist/emiway-bantai/1450594347?uo=4,https://audio-ssl.itunes.apple.com/itunes-assets/AudioPreview125/v4/cd/a2/df/cda2dfa1-35e1-d9cf-9cc9-fb9a8403aea8/mzaf_9764847311936720309.plus.aac.p.m4a,1.0,1.0,8.0,True
48,track,song,1584306305,1584306580,Emiway Bantai,Malum Hai Na,Malum Hai Na (Intro),Malum Hai Na,Malum Hai Na (Intro),https://music.apple.com/in/album/malum-hai-na-intro/1584306305?i=1584306580&uo=4,,https://music.apple.com/in/album/malum-hai-na-intro/1584306305?i=1584306580&uo=4,https://is2-ssl.mzstatic.com/image/thumb/Music116/v4/ea/6a/38/ea6a384b-a2f2-03f0-d3b3-9eb0d77cc9be/cover.jpg/30x30bb.jpg,https://is2-ssl.mzstatic.com/image/thumb/Music116/v4/ea/6a/38/ea6a384b-a2f2-03f0-d3b3-9eb0d77cc9be/cover.jpg/60x60bb.jpg,https://is2-ssl.mzstatic.com/image/thumb/Music116/v4/ea/6a/38/ea6a384b-a2f2-03f0-d3b3-9eb0d77cc9be/cover.jpg/100x100bb.jpg,190.0,18.0,,2021-05-03T12:00:00Z,explicit,notExplicit,14,166776,IND,INR,Hip-Hop/Rap,,,,,1450594347.0,https://music.apple.com/in/artist/emiway-bantai/1450594347?uo=4,https://audio-ssl.itunes.apple.com/itunes-assets/AudioPreview125/v4/05/9c/11/059c1162-4d00-7970-9fbd-5aa9f7e64708/mzaf_3540332985703817349.plus.aac.p.m4a,1.0,1.0,1.0,True
49,track,song,1584306305,1584306604,Emiway Bantai,Malum Hai Na,My Time,Malum Hai Na,My Time,https://music.apple.com/in/album/my-time/1584306305?i=1584306604&uo=4,,https://music.apple.com/in/album/my-time/1584306305?i=1584306604&uo=4,https://is2-ssl.mzstatic.com/image/thumb/Music116/v4/ea/6a/38/ea6a384b-a2f2-03f0-d3b3-9eb0d77cc9be/cover.jpg/30x30bb.jpg,https://is2-ssl.mzstatic.com/image/thumb/Music116/v4/ea/6a/38/ea6a384b-a2f2-03f0-d3b3-9eb0d77cc9be/cover.jpg/60x60bb.jpg,https://is2-ssl.mzstatic.com/image/thumb/Music116/v4/ea/6a/38/ea6a384b-a2f2-03f0-d3b3-9eb0d77cc9be/cover.jpg/100x100bb.jpg,190.0,18.0,,2021-06-21T12:00:00Z,explicit,explicit,14,166677,IND,INR,Hip-Hop/Rap,Explicit,,,,1450594347.0,https://music.apple.com/in/artist/emiway-bantai/1450594347?uo=4,https://audio-ssl.itunes.apple.com/itunes-assets/AudioPreview115/v4/cf/81/1f/cf811f3f-8bcf-bd32-09f7-fa0c2eef21be/mzaf_1017137582090692322.plus.aac.p.m4a,1.0,1.0,5.0,True
